{
    "camera_matrix": [
        [
            610.7344781899528,
            0.0,
            335.8102548190456
        ],
        [
            0.0,
            610.1519051944862,
            193.000441870453
        ],
        [
            0.0,
            0.0,
            1.0
        ]
    ],
    "distortion_coefficients": [
        [
            -0.5023431929526063,
            0.42624393733352106,
            0.0015743236681840002,
            -0.0012587935461130374,
            -0.47227271343275984
        ]
    ],
    "reprojection_error": 0.018546035880661317,
    "chessboard_size": [
        8,
        5
    ],
    "square_size": 0.027
}